aoi,trialnum,layout,target,stimulus,part4,fixations,x1,y1,x2,y2,x3,y3,x4,y4
14x-SOC-ALL,14,SOC,x,ALL,,57,1.140000,1.140000,588.910000,1.140000,588.910000,603.720000,1.140000,603.720000
21C-SOC-COLD,21,SOC,C,COLD,,0,594.060000,602.820000,447.550000,601.260000,445.940000,475.290000,594.060000,472.180000
19C-SOC-SWING,19,SOC,C,SWING,,9,441.060000,284.820000,294.550000,283.260000,292.940000,157.290000,441.060000,154.180000
28C-CORNERS-CLIMBING,28,CORN,C,CLIMBING,,0,742.570000,130.180000,596.060000,128.620000,594.450000,2.660000,742.570000,-0.450000
17B-CORNERS-COLD-1,17,CORN,B,COLD,1,8,741.130000,741.670000,594.620000,740.120000,593.010000,614.150000,741.130000,611.040000
2C-SOC-SLIDING,2,SOC,C,SLIDING,,0,297.060000,282.820000,150.550000,281.260000,148.940000,155.290000,297.060000,152.180000
30C-CORNERS-BABY,30,CORN,C,BABY,,0,148.310000,275.950000,1.800000,274.400000,0.190000,148.430000,148.310000,145.320000
14C-SOC-BOY,14,SOC,C,BOY,,0,145.060000,443.820000,-1.450000,442.260000,-3.060000,316.290000,145.060000,313.180000
27C-SOC-GIRL,27,SOC,C,GIRL,,0,149.060000,604.820000,2.550000,603.260000,0.940000,477.290000,149.060000,474.180000
4C-WIDE-CLIMBING-T,4,WIDE,D,CLIMBING,T,32,339.320000,327.320000,192.810000,325.760000,191.200000,199.790000,339.320000,196.680000
10C-CORNERS-COLD,10,CORN,C,COLD,,0,745.270000,739.450000,598.760000,737.900000,597.150000,611.930000,745.270000,608.820000
24C-SOC-HOT,24,SOC,C,HOT,,0,592.060000,446.820000,445.550000,445.260000,443.940000,319.290000,592.060000,316.180000
16C-SOC-CLIMBING,16,SOC,C,CLIMBING,,0,298.060000,128.820000,151.550000,127.260000,149.940000,1.290000,298.060000,-1.820000
8B-WIDE-GIRL-2,8,WIDE,B,GIRL,2,0,145.290000,127.560000,-1.220000,126.010000,-2.830000,0.040000,145.290000,-3.070000
20A-CLOCK-THROWING,20,CLOC,A,THROWING,,11,542.530000,124.370000,396.020000,122.810000,394.410000,-3.160000,542.530000,-6.270000
31C-WIDE-THROWING,31,WIDE,C,THROWING,,0,351.780000,533.560000,205.270000,532.000000,203.660000,406.040000,351.780000,402.920000
23C-CORNERS-THROWING,23,CORN,C,THROWING,,0,590.860000,273.230000,444.350000,271.670000,442.740000,145.700000,590.860000,142.590000
32A-WIDE-ME,32,WIDE,A,ME,,32,146.480000,743.390000,-0.030000,741.830000,-1.640000,615.870000,146.480000,612.760000
12B-CLOCK-SWING-2,12,CLOC,B,SWING,2,0,796.270000,509.200000,649.760000,507.650000,648.150000,381.680000,796.270000,378.570000
20C-CLOCK-HAPPY,20,CLOC,C,HAPPY,,0,401.190000,780.850000,254.680000,779.300000,253.070000,653.330000,401.190000,650.220000
3C-CLOCK-BABY,3,CLOC,C,BABY,,0,149.240000,384.860000,2.730000,383.300000,1.120000,257.340000,149.240000,254.230000
32C-WIDE-COLD,32,WIDE,C,COLD,,0,734.260000,739.530000,587.750000,737.980000,586.140000,612.010000,734.260000,608.900000
2C-SOC-CLIMBING,2,SOC,C,CLIMBING,,9,298.060000,128.820000,151.550000,127.260000,149.940000,1.290000,298.060000,-1.820000
27C-SOC-SWINGING,27,SOC,C,SWINGING,,0,300.560000,444.320000,154.050000,442.760000,152.440000,316.790000,300.560000,313.680000
28A-CORNERS-GIRL,28,CORN,A,GIRL,,32,146.700000,128.760000,0.190000,127.210000,-1.420000,1.240000,146.700000,-1.870000
26C-WIDE-GIRL,26,WIDE,C,GIRL,,0,146.200000,128.240000,-0.310000,126.680000,-1.920000,0.710000,146.200000,-2.400000
9C-CLOCK-SLIDE,9,CLOC,C,SLIDE,,0,793.160000,252.990000,646.650000,251.430000,645.040000,125.470000,793.160000,122.360000
28B-CORNERS-ME-1,28,CORN,B,ME,1,0,296.080000,128.840000,149.570000,127.290000,147.960000,1.320000,296.080000,-1.790000
8C-WIDE-SAD,8,WIDE,C,SAD,,0,735.460000,331.080000,588.940000,329.520000,587.330000,203.550000,735.460000,200.440000
8C-WIDE-SLIDING,8,WIDE,C,SLIDING,,0,346.080000,128.920000,199.570000,127.370000,197.960000,1.400000,346.080000,-1.710000
16C-SOC-COLD,16,SOC,C,COLD,,0,594.060000,602.820000,447.550000,601.260000,445.940000,475.290000,594.060000,472.180000
18X-CLOCK-ALL,18,CLOC,X,ALL,,64,1.140000,1.140000,794.330000,1.140000,794.330000,772.330000,1.140000,772.330000
15C-CORNERS-SAD,15,CORN,C,SAD,,0,745.270000,596.780000,598.760000,595.220000,597.150000,469.260000,745.270000,466.150000
2C-SOC-SAD,2,SOC,C,SAD,,0,591.060000,281.820000,444.550000,280.260000,442.940000,154.290000,591.060000,151.180000
1C-WIDE-SWINGING,1,WIDE,C,SWINGING,,0,341.270000,737.260000,194.760000,735.710000,193.150000,609.740000,341.270000,606.630000
8x-WIDE-ALL,8,WIDE,x,ALL,,137,1.140000,1.140000,738.330000,1.140000,738.330000,739.300000,1.140000,739.300000
11C-CLOCK-HOT,11,CLOC,C,HOT,,0,690.090000,772.720000,543.580000,771.170000,541.970000,645.200000,690.090000,642.090000
20C-CLOCK-BOY,20,CLOC,C,BOY,,0,147.750000,657.180000,1.240000,655.620000,-0.370000,529.660000,147.750000,526.550000
28C-CORNERS-THROWING,28,CORN,C,THROWING,,0,590.860000,273.230000,444.350000,271.670000,442.740000,145.700000,590.860000,142.590000
14C-SOC-CLIMBING,14,SOC,C,CLIMBING,,0,298.060000,128.820000,151.550000,127.260000,149.940000,1.290000,298.060000,-1.820000
27C-SOC-SLIDING,27,SOC,C,SLIDING,,0,297.060000,282.820000,150.550000,281.260000,148.940000,155.290000,297.060000,152.180000
25X-CORNERS-ALL,25,CORN,X,ALL,,40,-4.480000,-5.890000,746.530000,-5.890000,746.530000,772.330000,-4.480000,772.330000
2C-SOC-BABY,2,SOC,C,BABY,,0,147.060000,282.820000,0.550000,281.260000,-1.060000,155.290000,147.060000,152.180000
24C-SOC-GIRL,24,SOC,C,GIRL,,0,151.060000,605.820000,4.550000,604.260000,2.940000,478.290000,151.060000,475.180000
18C-CLOCK-GIRL,18,CLOC,C,GIRL,,0,146.720000,521.230000,0.210000,519.670000,-1.400000,393.710000,146.720000,390.600000
15B-CORNERS-SLIDING-2,15,CORN,B,SLIDING,2,0,593.860000,129.620000,447.350000,128.070000,445.740000,2.100000,593.860000,-1.010000
8C-WIDE-LADDER,8,WIDE,C,LADDER,,0,545.990000,125.960000,399.480000,124.410000,397.870000,-1.560000,545.990000,-4.670000
24C-SOC-THROWING,24,SOC,C,THROWING,,0,300.060000,603.820000,153.550000,602.260000,151.940000,476.290000,300.060000,473.180000
11C-CLOCK-SLIDING,11,CLOC,C,SLIDING,,0,702.760000,123.910000,556.250000,122.350000,554.640000,-3.620000,702.760000,-6.730000
7C-CLOCK-ME,7,CLOC,C,ME,,0,147.420000,247.250000,0.910000,245.690000,-0.700000,119.730000,147.420000,116.620000
14C-SOC-ME,14,SOC,C,ME,,0,145.060000,129.820000,-1.450000,128.260000,-3.060000,2.290000,145.060000,-0.820000
17C-CORNERS-CLIMBING,17,CORN,C,CLIMBING,,0,742.570000,130.180000,596.060000,128.620000,594.450000,2.660000,742.570000,-0.450000
29B-WIDE-THROWING-1,29,WIDE,B,THROWING,1,0,344.800000,530.650000,198.290000,529.090000,196.680000,403.130000,344.800000,400.020000
6C-CORNERS-LADDER,6,CORN,C,LADDER,,0,148.160000,602.510000,1.650000,600.950000,0.040000,474.990000,148.160000,471.880000
4C-WIDE-SLIDING,4,WIDE,C,SLIDING,,0,354.050000,128.240000,207.540000,126.680000,205.930000,0.710000,354.050000,-2.400000
23C-CORNERS-HAPPY,23,CORN,C,HAPPY,,0,597.940000,748.190000,451.430000,746.640000,449.820000,620.670000,597.940000,617.560000
16C-SOC-LADDER,16,SOC,C,LADDER,,0,449.060000,605.820000,302.550000,604.260000,300.940000,478.290000,449.060000,475.180000
31C-WIDE-SLIDING-T,31,WIDE,D,SLIDING,T,0,344.320000,128.320000,197.810000,126.760000,196.200000,0.790000,344.320000,-2.320000
20C-CLOCK-ME,20,CLOC,C,ME,,0,147.420000,249.250000,0.910000,247.690000,-0.700000,121.730000,147.420000,118.620000
24C-SOC-SWINGING,24,SOC,C,SWINGING,,0,299.060000,442.820000,152.550000,441.260000,150.940000,315.290000,299.060000,312.180000
27C-SOC-THROWING,27,SOC,C,THROWING,,0,300.060000,603.820000,153.550000,602.260000,151.940000,476.290000,300.060000,473.180000
30X-CORNERS-ALL,30,CORN,X,ALL,,81,-0.800000,-3.860000,750.210000,-3.860000,750.210000,774.360000,-0.800000,774.360000
11C-CLOCK-HAPPY,11,CLOC,C,HAPPY,,0,396.830000,777.470000,250.320000,775.910000,248.710000,649.950000,396.830000,646.840000
6C-CORNERS-CLIMBING,6,CORN,C,CLIMBING,,0,742.570000,130.180000,596.060000,128.620000,594.450000,2.660000,742.570000,-0.450000
7C-CLOCK-CLIMBING,7,CLOC,C,CLIMBING,,0,260.000000,129.200000,113.490000,127.640000,111.880000,1.680000,260.000000,-1.430000
13B-SOC-GIRL-2,13,SOC,B,GIRL,2,0,150.080000,603.980000,3.570000,602.430000,1.960000,476.460000,150.080000,473.350000
32C-WIDE-SWINGING,32,WIDE,C,SWINGING,,0,341.270000,739.530000,194.760000,737.980000,193.150000,612.010000,341.270000,608.900000
22C-WIDE-SWING,22,WIDE,C,SWING,,0,540.040000,528.270000,393.530000,526.720000,391.920000,400.750000,540.040000,397.640000
10A-CORNERS-SWING,10,CORN,A,SWING,,20,145.610000,745.200000,-0.900000,743.650000,-2.510000,617.680000,145.610000,614.570000
28C-CORNERS-COLD,28,CORN,C,COLD,,0,741.910000,743.120000,595.400000,741.560000,593.790000,615.600000,741.910000,612.490000
12C-CLOCK-CLIMBING,12,CLOC,C,CLIMBING,,0,253.000000,129.200000,106.490000,127.640000,104.880000,1.680000,253.000000,-1.430000
15C-CORNERS-SLIDE,15,CORN,C,SLIDE,,0,294.760000,745.660000,148.250000,744.100000,146.640000,618.140000,294.760000,615.030000
25C-CORNERS-BABY,25,CORN,C,BABY,,0,148.310000,275.950000,1.800000,274.400000,0.190000,148.430000,148.310000,145.320000
15C-CORNERS-BABY,15,CORN,C,BABY,,0,146.000000,278.190000,-0.510000,276.630000,-2.120000,150.670000,146.000000,147.560000
7C-CLOCK-BOY,7,CLOC,C,BOY,,0,147.750000,657.180000,1.240000,655.620000,-0.370000,529.660000,147.750000,526.550000
22C-WIDE-BOY,22,WIDE,C,BOY,,0,146.180000,536.960000,-0.330000,535.410000,-1.940000,409.440000,146.180000,406.330000
29C-WIDE-ME,29,WIDE,C,ME,,0,144.790000,738.400000,-1.720000,736.840000,-3.330000,610.870000,144.790000,607.760000
31B-WIDE-BALL-2,31,WIDE,B,BALL,2,0,545.340000,326.200000,398.830000,324.650000,397.220000,198.680000,545.340000,195.570000
24C-SOC-SLIDING,24,SOC,C,SLIDING,,0,297.060000,282.820000,150.550000,281.260000,148.940000,155.290000,297.060000,152.180000
29C-WIDE-GIRL,29,WIDE,C,GIRL,,0,146.200000,128.240000,-0.310000,126.680000,-1.920000,0.710000,146.200000,-2.400000
17C-CORNERS-SWINGING,17,CORN,C,SWINGING,,0,739.370000,274.400000,592.860000,272.850000,591.250000,146.880000,739.370000,143.770000
5B-CLOCK-ME-1,5,CLOC,B,ME,1,0,147.340000,248.000000,0.830000,246.450000,-0.780000,120.480000,147.340000,117.370000
6C-CORNERS-BOY,6,CORN,C,BOY,,0,295.270000,271.450000,148.760000,269.900000,147.150000,143.930000,295.270000,140.820000
21B-SOC-CLIMBING-1,21,SOC,B,CLIMBING,1,6,298.290000,131.650000,151.780000,130.090000,150.170000,4.130000,298.290000,1.020000
21C-SOC-HOT,21,SOC,C,HOT,,0,592.060000,446.820000,445.550000,445.260000,443.940000,319.290000,592.060000,316.180000
30C-CORNERS-SAD,30,CORN,C,SAD,,0,745.270000,596.780000,598.760000,595.220000,597.150000,469.260000,745.270000,466.150000
15C-CORNERS-HAPPY,15,CORN,C,HAPPY,,0,592.900000,742.220000,446.390000,740.670000,444.780000,614.700000,592.900000,611.590000
29C-WIDE-SLIDE,29,WIDE,C,SLIDE,,0,540.650000,734.400000,394.140000,732.840000,392.530000,606.870000,540.650000,603.760000
19B-SOC-SWINGING-2,19,SOC,B,SWINGING,2,0,298.040000,445.650000,151.530000,444.090000,149.920000,318.130000,298.040000,315.020000
2C-SOC-GIRL,2,SOC,C,GIRL,,0,151.060000,605.820000,4.550000,604.260000,2.940000,478.290000,151.060000,475.180000
20B-CLOCK-SLIDING-1,20,CLOC,B,SLIDING,1,0,687.960000,128.430000,541.450000,126.880000,539.840000,0.910000,687.960000,-2.200000
22C-WIDE-SWINGING,22,WIDE,C,SWINGING,,0,341.270000,737.260000,194.760000,735.710000,193.150000,609.740000,341.270000,606.630000
10C-CORNERS-HOT,10,CORN,C,HOT,,0,595.210000,595.630000,448.700000,594.070000,447.090000,468.100000,595.210000,464.990000
15A-CORNERS-SWINGING,15,CORN,A,SWINGING,,27,746.010000,273.010000,599.500000,271.460000,597.890000,145.490000,746.010000,142.380000
7C-CLOCK-SLIDING,7,CLOC,C,SLIDING,,0,702.760000,126.260000,556.250000,124.710000,554.640000,-1.260000,702.760000,-4.370000
16B-SOC-BOY-1,16,SOC,B,BOY,1,7,150.080000,446.980000,3.570000,445.430000,1.960000,319.460000,150.080000,316.350000
31C-WIDE-HAPPY,31,WIDE,C,HAPPY,,0,742.190000,131.240000,595.680000,129.680000,594.070000,3.710000,742.190000,0.600000
8C-WIDE-HAPPY,8,WIDE,C,HAPPY,,0,736.460000,131.640000,589.940000,130.090000,588.330000,4.120000,736.460000,1.010000
19A-SOC-CLIMBING,19,SOC,A,CLIMBING,,10,297.720000,129.860000,151.210000,128.300000,149.600000,2.340000,297.720000,-0.770000
27A-SOC-HAPPY,27,SOC,A,HAPPY,,17,588.720000,129.860000,442.210000,128.300000,440.600000,2.340000,588.720000,-0.770000
9C-CLOCK-GIRL,9,CLOC,C,GIRL,,0,149.080000,522.410000,2.570000,520.850000,0.960000,394.890000,149.080000,391.780000
15B-CORNERS-CLIMBING-1,15,CORN,B,CLIMBING,1,6,742.680000,128.650000,596.170000,127.100000,594.560000,1.130000,742.680000,-1.980000
29A-WIDE-CLIMBING,29,WIDE,A,CLIMBING,,32,340.480000,321.860000,193.970000,320.300000,192.360000,194.340000,340.480000,191.230000
28C-CORNERS-SLIDE,28,CORN,C,SLIDE,,0,298.220000,745.640000,151.710000,744.090000,150.100000,618.120000,298.220000,615.010000
13C-SOC-BALL,13,SOC,C,BALL,,0,447.060000,129.820000,300.550000,128.260000,298.940000,2.290000,447.060000,-0.820000
24C-SOC-CLIMBING-T,24,SOC,D,CLIMBING,T,0,294.560000,129.320000,148.050000,127.760000,146.440000,1.790000,294.560000,-1.320000
3C-CLOCK-SWINGING,3,CLOC,C,SWINGING,,0,407.080000,126.980000,260.570000,125.420000,258.960000,-0.550000,407.080000,-3.660000
21C-SOC-BOY,21,SOC,C,BOY,,0,149.060000,443.820000,2.550000,442.260000,0.940000,316.290000,149.060000,313.180000
24C-SOC-SAD,24,SOC,C,SAD,,0,591.060000,281.820000,444.550000,280.260000,442.940000,154.290000,591.060000,151.180000
17A-CORNERS-HAPPY,17,CORN,A,HAPPY,,29,596.880000,744.010000,450.370000,742.460000,448.760000,616.490000,596.880000,613.380000
26B-WIDE-THROWING-2,26,WIDE,B,THROWING,2,0,344.800000,531.650000,198.290000,530.090000,196.680000,404.130000,344.800000,401.020000
3C-CLOCK-BOY,3,CLOC,C,BOY,,0,148.930000,658.360000,2.420000,656.800000,0.810000,530.840000,148.930000,527.730000
13C-SOC-HOT,13,SOC,C,HOT,,0,592.060000,446.820000,445.550000,445.260000,443.940000,319.290000,592.060000,316.180000
7A-CLOCK-BALL,7,CLOC,A,BALL,,48,796.530000,375.370000,650.020000,373.810000,648.410000,247.840000,796.530000,244.730000
2C-SOC-HAPPY,2,SOC,C,HAPPY,,0,592.060000,127.820000,445.550000,126.260000,443.940000,0.290000,592.060000,-2.820000
5C-CLOCK-HAPPY,5,CLOC,C,HAPPY,,0,396.830000,777.470000,250.320000,775.910000,248.710000,649.950000,396.830000,646.840000
29C-WIDE-HOT,29,WIDE,C,HOT,,0,739.920000,536.560000,593.410000,535.000000,591.800000,409.040000,739.920000,405.920000
8C-WIDE-SLIDE,8,WIDE,C,SLIDE,,0,542.210000,738.400000,395.700000,736.840000,394.090000,610.870000,542.210000,607.760000
10C-CORNERS-SLIDING,10,CORN,C,SLIDING,,0,592.800000,132.280000,446.290000,130.730000,444.680000,4.760000,592.800000,1.650000
23A-CORNERS-ME,23,CORN,A,ME,,0,285.220000,129.920000,138.710000,128.360000,137.100000,2.390000,285.220000,-0.720000
17C-CORNERS-BABY,17,CORN,C,BABY,,0,142.900000,270.300000,-3.610000,268.740000,-5.220000,142.780000,142.900000,139.670000
11B-CLOCK-ME-3,11,CLOC,B,ME,3,0,148.520000,250.360000,2.010000,248.800000,0.400000,122.840000,148.520000,119.730000
10C-CORNERS-ME,10,CORN,C,ME,,0,297.220000,128.200000,150.710000,126.640000,149.100000,0.680000,297.220000,-2.430000
4C-WIDE-ME,4,WIDE,C,ME,,0,144.790000,738.400000,-1.720000,736.840000,-3.330000,610.870000,144.790000,607.760000
18B-CLOCK-SLIDING-2,18,CLOC,B,SLIDING,2,9,696.960000,129.430000,550.450000,127.880000,548.840000,1.910000,696.960000,-1.200000
15C-CORNERS-BOY,15,CORN,C,BOY,,0,294.910000,275.880000,148.400000,274.320000,146.790000,148.360000,294.910000,145.250000
26C-WIDE-SWING,26,WIDE,C,SWING,,0,549.650000,529.400000,403.140000,527.840000,401.530000,401.870000,549.650000,398.760000
15C-CORNERS-HOT,15,CORN,C,HOT,,0,595.210000,595.630000,448.700000,594.070000,447.090000,468.100000,595.210000,464.990000
24A-SOC-LADDER,24,SOC,A,LADDER,,29,447.720000,605.860000,301.210000,604.300000,299.600000,478.340000,447.720000,475.230000
20C-CLOCK-GIRL,20,CLOC,C,GIRL,,7,146.720000,521.230000,0.210000,519.670000,-1.400000,393.710000,146.720000,390.600000
16B-SOC-ME-3,16,SOC,B,ME,3,0,150.290000,128.650000,3.780000,127.090000,2.170000,1.130000,150.290000,-1.980000
8C-WIDE-THROWING,8,WIDE,C,THROWING,,38,340.410000,532.420000,193.900000,530.870000,192.290000,404.900000,340.410000,401.790000
25C-CORNERS-BOY,25,CORN,C,BOY,,0,297.220000,273.640000,150.710000,272.090000,149.100000,146.120000,297.220000,143.010000
18C-CLOCK-SAD,18,CLOC,C,SAD,,0,259.070000,781.190000,112.560000,779.630000,110.950000,653.660000,259.070000,650.550000
29C-WIDE-LADDER-T,29,WIDE,D,LADDER,T,0,552.320000,126.320000,405.810000,124.760000,404.200000,-1.210000,552.320000,-4.320000
3B-CLOCK-HAPPY-1,3,CLOC,B,HAPPY,1,47,402.000000,770.300000,255.490000,768.750000,253.880000,642.780000,402.000000,639.670000
23C-CORNERS-SWINGING,23,CORN,C,SWINGING,,0,739.370000,274.400000,592.860000,272.850000,591.250000,146.880000,739.370000,143.770000
21C-SOC-BALL,21,SOC,C,BALL,,0,448.060000,128.820000,301.550000,127.260000,299.940000,1.290000,448.060000,-1.820000
14C-SOC-BALL,14,SOC,C,BALL,,0,447.060000,129.820000,300.550000,128.260000,298.940000,2.290000,447.060000,-0.820000
3B-CLOCK-COLD-2,3,CLOC,B,COLD,2,0,548.360000,770.120000,401.850000,768.570000,400.240000,642.600000,548.360000,639.490000
32B-WIDE-BABY-2,32,WIDE,B,BABY,2,0,147.620000,327.190000,1.110000,325.630000,-0.500000,199.670000,147.620000,196.560000
31C-WIDE-SWINGING,31,WIDE,C,SWINGING,,0,352.650000,738.400000,206.140000,736.840000,204.530000,610.870000,352.650000,607.760000
18B-CLOCK-CLIMBING-1,18,CLOC,B,CLIMBING,1,0,249.790000,131.640000,103.280000,130.090000,101.670000,4.120000,249.790000,1.010000
26A-WIDE-SLIDING,26,WIDE,A,SLIDING,,17,340.480000,128.860000,193.970000,127.300000,192.360000,1.340000,340.480000,-1.770000
11A-CLOCK-BOY,11,CLOC,A,BOY,,30,149.250000,655.970000,2.740000,654.420000,1.130000,528.450000,149.250000,525.340000
4B-WIDE-BALL-1,4,WIDE,B,BALL,1,0,541.050000,326.650000,394.540000,325.090000,392.930000,199.130000,541.050000,196.020000
24C-SOC-HAPPY,24,SOC,C,HAPPY,,5,588.060000,130.820000,441.550000,129.260000,439.940000,3.290000,588.060000,0.180000
23C-CORNERS-LADDER,23,CORN,C,LADDER,,0,148.160000,602.510000,1.650000,600.950000,0.040000,474.990000,148.160000,471.880000
8A-WIDE-BOY,8,WIDE,A,BOY,,38,148.320000,525.030000,1.810000,523.480000,0.200000,397.510000,148.320000,394.400000
22C-WIDE-BALL,22,WIDE,C,BALL,,0,544.990000,325.400000,398.480000,323.840000,396.870000,197.870000,544.990000,194.760000
18C-CLOCK-BABY,18,CLOC,C,BABY,,0,149.240000,384.860000,2.730000,383.300000,1.120000,257.340000,149.240000,254.230000
10C-CORNERS-SWINGING-T,10,CORN,D,SWINGING,T,0,742.760000,272.210000,596.250000,270.650000,594.640000,144.690000,742.760000,141.580000
1C-WIDE-CLIMBING,1,WIDE,C,CLIMBING,,10,341.680000,326.530000,195.170000,324.980000,193.560000,199.010000,341.680000,195.900000
5X-CLOCK-ALL,5,CLOC,X,ALL,,80,1.140000,1.140000,794.330000,1.140000,794.330000,772.330000,1.140000,772.330000
8C-WIDE-BALL,8,WIDE,C,BALL,,0,544.990000,325.400000,398.480000,323.840000,396.870000,197.870000,544.990000,194.760000
1C-WIDE-BALL,1,WIDE,C,BALL,,0,544.990000,325.400000,398.480000,323.840000,396.870000,197.870000,544.990000,194.760000
13B-SOC-BOY-1,13,SOC,B,BOY,1,15,146.040000,444.650000,-0.470000,443.090000,-2.080000,317.130000,146.040000,314.020000
12A-CLOCK-SLIDE,12,CLOC,A,SLIDE,,27,799.530000,247.370000,653.020000,245.810000,651.410000,119.840000,799.530000,116.730000
20C-CLOCK-SAD,20,CLOC,C,SAD,,0,259.070000,781.190000,112.560000,779.630000,110.950000,653.660000,259.070000,650.550000
25C-CORNERS-HAPPY,25,CORN,C,HAPPY,,0,592.900000,738.300000,446.390000,736.740000,444.780000,610.780000,592.900000,607.670000
9C-CLOCK-BOY,9,CLOC,C,BOY,,0,147.750000,653.640000,1.240000,652.090000,-0.370000,526.120000,147.750000,523.010000
25C-CORNERS-THROWING-T,25,CORN,D,THROWING,T,0,598.600000,274.210000,452.090000,272.650000,450.480000,146.690000,598.600000,143.580000
19B-SOC-SLIDING-1,19,SOC,B,SLIDING,1,10,293.290000,284.650000,146.780000,283.090000,145.170000,157.130000,293.290000,154.020000
8C-WIDE-COLD,8,WIDE,C,COLD,,0,735.050000,741.800000,588.540000,740.250000,586.930000,614.280000,735.050000,611.170000
30C-CORNERS-HOT,30,CORN,C,HOT,,0,595.210000,595.630000,448.700000,594.070000,447.090000,468.100000,595.210000,464.990000
5C-CLOCK-SLIDE,5,CLOC,C,SLIDE,,0,793.160000,252.990000,646.650000,251.430000,645.040000,125.470000,793.160000,122.360000
17C-CORNERS-SWING,17,CORN,C,SWING,,0,149.310000,747.950000,2.800000,746.400000,1.190000,620.430000,149.310000,617.320000
9C-CLOCK-CLIMBING,9,CLOC,C,CLIMBING,,0,260.000000,129.200000,113.490000,127.640000,111.880000,1.680000,260.000000,-1.430000
22X-WIDE-ALL,22,WIDE,X,ALL,,42,1.140000,1.140000,738.330000,1.140000,738.330000,739.300000,1.140000,739.300000
7C-CLOCK-SAD,7,CLOC,C,SAD,,0,260.500000,782.620000,113.990000,781.070000,112.380000,655.100000,260.500000,651.990000
26C-WIDE-HOT,26,WIDE,C,HOT,,0,739.920000,536.560000,593.410000,535.000000,591.800000,409.040000,739.920000,405.920000
9C-CLOCK-SWING,9,CLOC,C,SWING,,0,796.000000,511.640000,649.490000,510.090000,647.880000,384.120000,796.000000,381.010000
12X-CLOCK-ALL,12,CLOC,X,ALL,,86,1.140000,1.140000,794.330000,1.140000,794.330000,772.330000,1.140000,772.330000
29C-WIDE-BALL,29,WIDE,C,BALL,,0,547.050000,317.240000,400.540000,315.680000,398.930000,189.710000,547.050000,186.600000
15C-CORNERS-ME,15,CORN,C,ME,,0,297.220000,131.590000,150.710000,130.030000,149.100000,4.070000,297.220000,0.960000
4A-WIDE-LADDER,4,WIDE,A,LADDER,,0,542.480000,125.860000,395.970000,124.300000,394.360000,-1.660000,542.480000,-4.770000
27C-SOC-ME,27,SOC,C,ME,,0,147.060000,129.820000,0.550000,128.260000,-1.060000,2.290000,147.060000,-0.820000
30B-CORNERS-SLIDING-1,30,CORN,B,SLIDING,1,0,598.400000,132.090000,451.890000,130.530000,450.280000,4.570000,598.400000,1.460000
6C-CORNERS-SWING,6,CORN,C,SWING,,0,149.310000,747.950000,2.800000,746.400000,1.190000,620.430000,149.310000,617.320000
12C-CLOCK-HAPPY,12,CLOC,C,HAPPY,,5,401.190000,780.850000,254.680000,779.300000,253.070000,653.330000,401.190000,650.220000
4C-WIDE-BALL,4,WIDE,C,BALL,,0,741.190000,330.670000,594.680000,329.110000,593.070000,203.150000,741.190000,200.040000
13C-SOC-SAD,13,SOC,C,SAD,,0,591.060000,281.820000,444.550000,280.260000,442.940000,154.290000,591.060000,151.180000
19C-SOC-COLD,19,SOC,C,COLD,,0,594.060000,602.820000,447.550000,601.260000,445.940000,475.290000,594.060000,472.180000
7X-CLOCK-ALL,7,CLOC,X,ALL,,48,1.140000,1.140000,794.330000,1.140000,794.330000,772.330000,1.140000,772.330000
5C-CLOCK-HOT,5,CLOC,C,HOT,,0,690.090000,772.720000,543.580000,771.170000,541.970000,645.200000,690.090000,642.090000
18C-CLOCK-HOT,18,CLOC,C,HOT,,0,694.810000,771.540000,548.300000,769.990000,546.690000,644.020000,694.810000,640.910000
21C-SOC-SWING,21,SOC,C,SWING,,12,439.060000,283.820000,292.550000,282.260000,290.940000,156.290000,439.060000,153.180000
31C-WIDE-SAD,31,WIDE,C,SAD,,0,741.190000,330.670000,594.680000,329.110000,593.070000,203.150000,741.190000,200.040000
24X-SOC-ALL,24,SOC,X,ALL,,60,1.140000,1.140000,588.910000,1.140000,588.910000,603.720000,1.140000,603.720000
17C-CORNERS-BOY,17,CORN,C,BOY,,0,295.270000,271.450000,148.760000,269.900000,147.150000,143.930000,295.270000,140.820000
6C-CORNERS-ME,6,CORN,C,ME,,0,295.270000,131.780000,148.760000,130.220000,147.150000,4.260000,295.270000,1.150000
14C-SOC-SWINGING,14,SOC,C,SWINGING,,0,294.560000,441.320000,148.050000,439.760000,146.440000,313.790000,294.560000,310.680000
20X-CLOCK-ALL,20,CLOC,X,ALL,,67,1.140000,1.140000,794.330000,1.140000,794.330000,772.330000,1.140000,772.330000
22B-WIDE-HOT-1,22,WIDE,B,HOT,1,7,737.640000,535.010000,591.130000,533.450000,589.520000,407.490000,737.640000,404.380000
19C-SOC-BABY,19,SOC,C,BABY,,0,148.060000,284.820000,1.550000,283.260000,-0.060000,157.290000,148.060000,154.180000
1C-WIDE-LADDER,1,WIDE,C,LADDER,,0,545.990000,125.960000,399.480000,124.410000,397.870000,-1.560000,545.990000,-4.670000
14C-SOC-THROWING,14,SOC,C,THROWING,,0,296.060000,607.820000,149.550000,606.260000,147.940000,480.290000,296.060000,477.180000
26C-WIDE-HAPPY,26,WIDE,C,HAPPY,,0,742.190000,131.240000,595.680000,129.680000,594.070000,3.710000,742.190000,0.600000
11B-CLOCK-GIRL-1,11,CLOC,B,GIRL,1,11,148.680000,522.530000,2.170000,520.980000,0.560000,395.010000,148.680000,391.900000
1C-WIDE-THROWING,1,WIDE,C,THROWING,,0,340.410000,532.420000,193.900000,530.870000,192.290000,404.900000,340.410000,401.790000
17C-CORNERS-ME,17,CORN,C,ME,,0,295.270000,131.780000,148.760000,130.220000,147.150000,4.260000,295.270000,1.150000
12C-CLOCK-ME,12,CLOC,C,ME,,0,147.420000,247.250000,0.910000,245.690000,-0.700000,119.730000,147.420000,116.620000
5C-CLOCK-SLIDING,5,CLOC,C,SLIDING,,0,702.760000,123.910000,556.250000,122.350000,554.640000,-3.620000,702.760000,-6.730000
13C-SOC-THROWING,13,SOC,C,THROWING,,8,300.060000,603.820000,153.550000,602.260000,151.940000,476.290000,300.060000,473.180000
11C-CLOCK-SWINGING,11,CLOC,C,SWINGING,,0,407.080000,126.980000,260.570000,125.420000,258.960000,-0.550000,407.080000,-3.660000
23C-CORNERS-SAD,23,CORN,C,SAD,,0,744.300000,599.280000,597.790000,597.720000,596.180000,471.760000,744.300000,468.650000
21A-SOC-SLIDING,21,SOC,A,SLIDING,,32,289.720000,283.860000,143.210000,282.300000,141.600000,156.340000,289.720000,153.230000
7B-CLOCK-SWING-1,7,CLOC,B,SWING,1,0,796.270000,509.200000,649.760000,507.650000,648.150000,381.680000,796.270000,378.570000
6C-CORNERS-BALL,6,CORN,C,BALL,,0,298.220000,600.200000,151.710000,598.640000,150.100000,472.680000,298.220000,469.570000
10C-CORNERS-BABY,10,CORN,C,BABY,,0,148.310000,275.950000,1.800000,274.400000,0.190000,148.430000,148.310000,145.320000
21C-SOC-GIRL,21,SOC,C,GIRL,,0,151.060000,605.820000,4.550000,604.260000,2.940000,478.290000,151.060000,475.180000
30C-CORNERS-GIRL,30,CORN,C,GIRL,,0,147.160000,130.510000,0.650000,128.950000,-0.960000,2.990000,147.160000,-0.120000
30C-CORNERS-HAPPY,30,CORN,C,HAPPY,,0,592.900000,738.300000,446.390000,736.740000,444.780000,610.780000,592.900000,607.670000
12C-CLOCK-SAD,12,CLOC,C,SAD,,0,259.070000,781.190000,112.560000,779.630000,110.950000,653.660000,259.070000,650.550000
22C-WIDE-CLIMBING,22,WIDE,C,CLIMBING,,0,341.680000,326.530000,195.170000,324.980000,193.560000,199.010000,341.680000,195.900000
16C-SOC-SLIDING,16,SOC,C,SLIDING,,0,297.060000,282.820000,150.550000,281.260000,148.940000,155.290000,297.060000,152.180000
1B-WIDE-HAPPY-2,1,WIDE,B,HAPPY,2,5,735.290000,132.560000,588.780000,131.010000,587.170000,5.040000,735.290000,1.930000
23B-CORNERS-BOY-1-T,23,CORN,B,BOY,1,42,294.930000,273.130000,148.420000,271.580000,146.810000,145.610000,294.930000,142.500000
10B-CORNERS-SLIDE-1,10,CORN,B,SLIDE,1,26,293.360000,742.420000,146.850000,740.870000,145.240000,614.900000,293.360000,611.790000
25C-CORNERS-SAD,25,CORN,C,SAD,,5,745.270000,596.780000,598.760000,595.220000,597.150000,469.260000,745.270000,466.150000
13x-SOC-ALL,13,SOC,x,ALL,,67,1.140000,1.140000,588.910000,1.140000,588.910000,603.720000,1.140000,603.720000
19C-SOC-LADDER-T,19,SOC,D,LADDER,T,0,446.560000,604.320000,300.050000,602.760000,298.440000,476.790000,446.560000,473.680000
8C-WIDE-SWINGING,8,WIDE,C,SWINGING,,0,341.270000,737.260000,194.760000,735.710000,193.150000,609.740000,341.270000,606.630000
16C-SOC-SAD,16,SOC,C,SAD,,0,591.060000,281.820000,444.550000,280.260000,442.940000,154.290000,591.060000,151.180000
3B-CLOCK-HOT-3,3,CLOC,B,HOT,3,5,685.450000,770.940000,538.940000,769.390000,537.330000,643.420000,685.450000,640.310000
6C-CORNERS-THROWING,6,CORN,C,THROWING,,0,590.860000,273.230000,444.350000,271.670000,442.740000,145.700000,590.860000,142.590000
13C-SOC-CLIMBING,13,SOC,C,CLIMBING,,0,298.060000,128.820000,151.550000,127.260000,149.940000,1.290000,298.060000,-1.820000
3C-CLOCK-SLIDE,3,CLOC,C,SLIDE,,0,793.160000,252.990000,646.650000,251.430000,645.040000,125.470000,793.160000,122.360000
19B-SOC-THROWING-3,19,SOC,B,THROWING,3,0,299.080000,603.980000,152.570000,602.430000,150.960000,476.460000,299.080000,473.350000
14A-SOC-HOT,14,SOC,A,HOT,,34,589.720000,440.860000,443.210000,439.300000,441.600000,313.340000,589.720000,310.230000
1C-WIDE-SLIDING,1,WIDE,C,SLIDING,,0,346.080000,128.920000,199.570000,127.370000,197.960000,1.400000,346.080000,-1.710000
4C-WIDE-BOY,4,WIDE,C,BOY,,7,143.930000,533.560000,-2.580000,532.000000,-4.190000,406.040000,143.930000,402.920000
31B-WIDE-SWING-1,31,WIDE,B,SWING,1,0,541.440000,527.990000,394.930000,526.440000,393.320000,400.470000,541.440000,397.360000
29C-WIDE-HAPPY,29,WIDE,C,HAPPY,,0,742.190000,131.240000,595.680000,129.680000,594.070000,3.710000,742.190000,0.600000
28C-CORNERS-SLIDING,28,CORN,C,SLIDING,,0,592.800000,132.280000,446.290000,130.730000,444.680000,4.760000,592.800000,1.650000
15B-CORNERS-THROWING-1,15,CORN,B,THROWING,1,19,595.950000,274.850000,449.440000,273.290000,447.830000,147.330000,595.950000,144.220000
23C-CORNERS-HOT,23,CORN,C,HOT,,0,595.390000,600.000000,448.880000,598.450000,447.270000,472.480000,595.390000,469.370000
27X-SOC-ALL,27,SOC,X,ALL,,48,1.140000,1.140000,588.910000,1.140000,588.910000,603.720000,1.140000,603.720000
9C-CLOCK-SLIDING,9,CLOC,C,SLIDING,,0,702.760000,123.910000,556.250000,122.350000,554.640000,-3.620000,702.760000,-6.730000
32C-WIDE-CLIMBING,32,WIDE,C,CLIMBING,,0,341.680000,328.800000,195.170000,327.250000,193.560000,201.280000,341.680000,198.170000
20C-CLOCK-SLIDE,20,CLOC,C,SLIDE,,0,803.000000,250.200000,656.490000,248.640000,654.880000,122.680000,803.000000,119.570000
7B-CLOCK-SLIDE-1,7,CLOC,B,SLIDE,1,0,795.790000,245.640000,649.280000,244.090000,647.670000,118.120000,795.790000,115.010000
25C-CORNERS-SWINGING,25,CORN,C,SWINGING,,0,745.020000,271.610000,598.510000,270.050000,596.900000,144.090000,745.020000,140.980000
2C-SOC-ME,2,SOC,C,ME,,0,149.060000,130.820000,2.550000,129.260000,0.940000,3.290000,149.060000,0.180000
19C-SOC-BOY,19,SOC,C,BOY,,0,149.060000,443.820000,2.550000,442.260000,0.940000,316.290000,149.060000,313.180000
19C-SOC-HAPPY,19,SOC,C,HAPPY,,0,592.060000,127.820000,445.550000,126.260000,443.940000,0.290000,592.060000,-2.820000
32C-WIDE-HAPPY,32,WIDE,C,HAPPY,,0,735.670000,129.370000,589.150000,127.820000,587.540000,1.850000,735.670000,-1.260000
28C-CORNERS-HOT,28,CORN,C,HOT,,0,590.680000,598.390000,444.170000,596.840000,442.560000,470.870000,590.680000,467.760000
25B-CORNERS-SWING-2,25,CORN,B,SWING,2,0,150.080000,741.790000,3.570000,740.230000,1.960000,614.270000,150.080000,611.160000
8C-WIDE-HOT,8,WIDE,C,HOT,,0,734.180000,536.960000,587.670000,535.410000,586.060000,409.440000,734.180000,406.330000
31C-WIDE-BOY,31,WIDE,C,BOY,,0,143.930000,533.560000,-2.580000,532.000000,-4.190000,406.040000,143.930000,402.920000
19C-SOC-SLIDE,19,SOC,C,SLIDE,,0,446.060000,443.820000,299.550000,442.260000,297.940000,316.290000,446.060000,313.180000
2C-SOC-BOY,2,SOC,C,BOY,,0,149.060000,443.820000,2.550000,442.260000,0.940000,316.290000,149.060000,313.180000
29C-WIDE-COLD,29,WIDE,C,COLD,,0,740.780000,741.400000,594.270000,739.840000,592.660000,613.870000,740.780000,610.760000
32C-WIDE-SWING,32,WIDE,C,SWING,,0,548.260000,534.690000,401.750000,533.140000,400.140000,407.170000,548.260000,404.060000
14B-SOC-HAPPY-2,14,SOC,B,HAPPY,2,0,588.290000,129.650000,441.780000,128.090000,440.170000,2.130000,588.290000,-0.980000
27C-SOC-SWING,27,SOC,C,SWING,,0,446.060000,286.820000,299.550000,285.260000,297.940000,159.290000,446.060000,156.180000
17C-CORNERS-GIRL,17,CORN,C,GIRL,,0,145.210000,130.630000,-1.300000,129.070000,-2.910000,3.100000,145.210000,-0.010000
5C-CLOCK-COLD,5,CLOC,C,COLD,,0,541.690000,773.540000,395.180000,771.980000,393.570000,646.020000,541.690000,642.910000
13C-SOC-SWING,13,SOC,C,SWING,,0,446.060000,286.820000,299.550000,285.260000,297.940000,159.290000,446.060000,156.180000
18C-CLOCK-HAPPY,18,CLOC,C,HAPPY,,0,401.190000,780.850000,254.680000,779.300000,253.070000,653.330000,401.190000,650.220000
5C-CLOCK-THROWING,5,CLOC,C,THROWING,,0,556.760000,124.880000,410.250000,123.320000,408.640000,-2.640000,556.760000,-5.750000
13C-SOC-SLIDE,13,SOC,C,SLIDE,,0,447.060000,445.820000,300.550000,444.260000,298.940000,318.290000,447.060000,315.180000
11C-CLOCK-LADDER,11,CLOC,C,LADDER,,0,798.560000,643.030000,652.050000,641.480000,650.440000,515.510000,798.560000,512.400000
31C-WIDE-GIRL,31,WIDE,C,GIRL,,0,146.200000,128.240000,-0.310000,126.680000,-1.920000,0.710000,146.200000,-2.400000
26B-WIDE-SWINGING-3,26,WIDE,B,SWINGING,3,0,337.840000,736.980000,191.330000,735.430000,189.720000,609.460000,337.840000,606.350000
28B-CORNERS-BABY-1,28,CORN,B,BABY,1,0,145.710000,273.440000,-0.800000,271.880000,-2.410000,145.920000,145.710000,142.810000
1C-WIDE-ME,1,WIDE,C,ME,,0,147.050000,741.800000,0.540000,740.250000,-1.070000,614.280000,147.050000,611.170000
9B-CLOCK-SAD-2,9,CLOC,B,SAD,2,0,253.450000,771.480000,106.940000,769.930000,105.330000,643.960000,253.450000,640.850000
20B-CLOCK-CLIMBING-2,20,CLOC,B,CLIMBING,2,0,259.790000,128.640000,113.280000,127.090000,111.670000,1.120000,259.790000,-1.990000
31A-WIDE-SLIDE,31,WIDE,A,SLIDE,,26,547.290000,737.580000,400.780000,736.020000,399.170000,610.050000,547.290000,606.940000
5C-CLOCK-SWING,5,CLOC,C,SWING,,0,796.000000,511.640000,649.490000,510.090000,647.880000,384.120000,796.000000,381.010000
22C-WIDE-BABY,22,WIDE,C,BABY,,0,147.460000,331.080000,0.940000,329.520000,-0.670000,203.550000,147.460000,200.440000
5C-CLOCK-BALL,5,CLOC,C,BALL,,0,796.160000,379.990000,649.650000,378.430000,648.040000,252.470000,796.160000,249.360000
11C-CLOCK-THROWING,11,CLOC,C,THROWING,,0,556.760000,124.880000,410.250000,123.320000,408.640000,-2.640000,556.760000,-5.750000
8C-WIDE-CLIMBING,8,WIDE,C,CLIMBING,,0,341.680000,326.530000,195.170000,324.980000,193.560000,199.010000,341.680000,195.900000
20C-CLOCK-COLD,20,CLOC,C,COLD,,16,549.580000,773.380000,403.070000,771.830000,401.460000,645.860000,549.580000,642.750000
8B-WIDE-ME-1,8,WIDE,B,ME,1,25,146.350000,729.420000,-0.160000,727.860000,-1.770000,601.890000,146.350000,598.780000
23C-CORNERS-COLD,23,CORN,C,COLD,,0,740.770000,746.640000,594.260000,745.090000,592.650000,619.120000,740.770000,616.010000
20C-CLOCK-SWING,20,CLOC,C,SWING,,0,796.080000,513.980000,649.570000,512.420000,647.960000,386.450000,796.080000,383.340000
32X-WIDE-ALL,32,WIDE,X,ALL,,59,1.140000,1.140000,738.330000,1.140000,738.330000,739.300000,1.140000,739.300000
30C-CORNERS-ME,30,CORN,C,ME,,0,297.220000,128.200000,150.710000,126.640000,149.100000,0.680000,297.220000,-2.430000
23B-CORNERS-BABY-2,23,CORN,B,BABY,2,0,146.660000,271.870000,0.150000,270.310000,-1.460000,144.340000,146.660000,141.230000
4C-WIDE-GIRL,4,WIDE,C,GIRL,,0,146.200000,128.240000,-0.310000,126.680000,-1.920000,0.710000,146.200000,-2.400000
4C-WIDE-HOT,4,WIDE,C,HOT,,0,739.920000,536.560000,593.410000,535.000000,591.800000,409.040000,739.920000,405.920000
7C-CLOCK-HOT,7,CLOC,C,HOT,,0,694.810000,771.540000,548.300000,769.990000,546.690000,644.020000,694.810000,640.910000
11C-CLOCK-COLD,11,CLOC,C,COLD,,0,541.690000,773.540000,395.180000,771.980000,393.570000,646.020000,541.690000,642.910000
20B-CLOCK-SWINGING-1,20,CLOC,B,SWINGING,1,0,404.270000,125.200000,257.760000,123.650000,256.150000,-2.320000,404.270000,-5.430000
27C-SOC-CLIMBING,27,SOC,C,CLIMBING,,0,298.060000,128.820000,151.550000,127.260000,149.940000,1.290000,298.060000,-1.820000
28C-CORNERS-SWING,28,CORN,C,SWING,,0,149.310000,747.950000,2.800000,746.400000,1.190000,620.430000,149.310000,617.320000
26C-WIDE-BABY,26,WIDE,C,BABY,,0,145.200000,327.670000,-1.310000,326.110000,-2.920000,200.150000,145.200000,197.040000
24C-SOC-BOY,24,SOC,C,BOY,,0,149.060000,443.820000,2.550000,442.260000,0.940000,316.290000,149.060000,313.180000
12C-CLOCK-BABY,12,CLOC,C,BABY,,0,149.240000,384.860000,2.730000,383.300000,1.120000,257.340000,149.240000,254.230000
19X-SOC-ALL,19,SOC,X,ALL,,60,1.140000,1.140000,588.910000,1.140000,588.910000,603.720000,1.140000,603.720000
7C-CLOCK-SWINGING,7,CLOC,C,SWINGING,,0,407.080000,126.980000,260.570000,125.420000,258.960000,-0.550000,407.080000,-3.660000
29B-WIDE-SLIDING-1,29,WIDE,B,SLIDING,1,0,341.050000,128.650000,194.540000,127.090000,192.930000,1.130000,341.050000,-1.980000
23C-CORNERS-BALL,23,CORN,C,BALL,,4,298.220000,600.200000,151.710000,598.640000,150.100000,472.680000,298.220000,469.570000
27C-SOC-BABY,27,SOC,C,BABY,,0,146.060000,283.820000,-0.450000,282.260000,-2.060000,156.290000,146.060000,153.180000
31C-WIDE-ME,31,WIDE,C,ME,,0,144.790000,738.400000,-1.720000,736.840000,-3.330000,610.870000,144.790000,607.760000
4C-WIDE-SWINGING,4,WIDE,C,SWINGING,,0,352.650000,738.400000,206.140000,736.840000,204.530000,610.870000,352.650000,607.760000
19C-SOC-ME,19,SOC,C,ME,,7,149.060000,130.820000,2.550000,129.260000,0.940000,3.290000,149.060000,0.180000
24C-SOC-ME,24,SOC,C,ME,,0,149.060000,130.820000,2.550000,129.260000,0.940000,3.290000,149.060000,0.180000
18C-CLOCK-ME,18,CLOC,C,ME,,0,147.420000,247.250000,0.910000,245.690000,-0.700000,119.730000,147.420000,116.620000
21X-SOC-ALL,21,SOC,X,ALL,,109,1.140000,1.140000,588.910000,1.140000,588.910000,603.720000,1.140000,603.720000
23C-CORNERS-SLIDE,23,CORN,C,SLIDE,,0,298.220000,745.640000,151.710000,744.090000,150.100000,618.120000,298.220000,615.010000
14C-SOC-LADDER,14,SOC,C,LADDER,,8,446.060000,608.820000,299.550000,607.260000,297.940000,481.290000,446.060000,478.180000
15C-CORNERS-GIRL,15,CORN,C,GIRL,,0,146.000000,129.280000,-0.510000,127.720000,-2.120000,1.760000,146.000000,-1.350000
32C-WIDE-LADDER,32,WIDE,C,LADDER,,0,550.530000,129.370000,404.020000,127.820000,402.410000,1.850000,550.530000,-1.260000
4C-WIDE-COLD,4,WIDE,C,COLD,,0,740.780000,741.400000,594.270000,739.840000,592.660000,613.870000,740.780000,610.760000
16C-SOC-HOT,16,SOC,C,HOT,,0,592.060000,446.820000,445.550000,445.260000,443.940000,319.290000,592.060000,316.180000
5A-CLOCK-BABY,5,CLOC,A,BABY,,50,145.460000,389.510000,-1.050000,387.960000,-2.660000,261.990000,145.460000,258.880000
28X-CORNERS-ALL,28,CORN,X,ALL,,77,-5.480000,-5.890000,745.530000,-5.890000,745.530000,772.330000,-5.480000,772.330000
9A-CLOCK-COLD,9,CLOC,A,COLD,,36,545.400000,765.620000,398.890000,764.060000,397.280000,638.100000,545.400000,634.990000
10C-CORNERS-BOY,10,CORN,C,BOY,,0,297.220000,273.640000,150.710000,272.090000,149.100000,146.120000,297.220000,143.010000
23X-CORNERS-ALL,23,CORN,X,ALL,,68,-2.210000,-5.270000,748.800000,-5.270000,748.800000,772.950000,-2.210000,772.950000
32C-WIDE-HOT,32,WIDE,C,HOT,,0,733.390000,534.690000,586.880000,533.140000,585.270000,407.170000,733.390000,404.060000
1C-WIDE-BABY,1,WIDE,C,BABY,,0,147.460000,331.080000,0.940000,329.520000,-0.670000,203.550000,147.460000,200.440000
7C-CLOCK-BABY,7,CLOC,C,BABY,,0,149.240000,384.860000,2.730000,383.300000,1.120000,257.340000,149.240000,254.230000
17C-CORNERS-THROWING,17,CORN,C,THROWING,,0,590.860000,273.230000,444.350000,271.670000,442.740000,145.700000,590.860000,142.590000
31C-WIDE-COLD,31,WIDE,C,COLD,,0,740.780000,741.400000,594.270000,739.840000,592.660000,613.870000,740.780000,610.760000
31C-WIDE-CLIMBING,31,WIDE,C,CLIMBING,,0,339.050000,320.240000,192.540000,318.680000,190.930000,192.710000,339.050000,189.600000
13C-SOC-SWINGING,13,SOC,C,SWINGING,,0,300.560000,444.320000,154.050000,442.760000,152.440000,316.790000,300.560000,313.680000
3C-CLOCK-THROWING,3,CLOC,C,THROWING,,0,556.760000,124.880000,410.250000,123.320000,408.640000,-2.640000,556.760000,-5.750000
1X-WIDE-ALL,1,WIDE,X,ALL,,133,1.140000,1.140000,738.330000,1.140000,738.330000,739.300000,1.140000,739.300000
26C-WIDE-BALL,26,WIDE,C,BALL,,0,540.050000,324.240000,393.540000,322.680000,391.930000,196.710000,540.050000,193.600000
15C-CORNERS-BALL,15,CORN,C,BALL,,4,291.690000,594.530000,145.170000,592.980000,143.560000,467.010000,291.690000,463.900000
10C-CORNERS-CLIMBING,10,CORN,C,CLIMBING,,0,742.570000,130.180000,596.060000,128.620000,594.450000,2.660000,742.570000,-0.450000
9C-CLOCK-THROWING,9,CLOC,C,THROWING,,0,556.760000,124.880000,410.250000,123.320000,408.640000,-2.640000,556.760000,-5.750000
18A-CLOCK-SWINGING,18,CLOC,A,SWINGING,,9,400.530000,129.370000,254.020000,127.810000,252.410000,1.840000,400.530000,-1.270000
25B-CORNERS-SLIDE-1,25,CORN,B,SLIDE,1,0,293.360000,742.420000,146.850000,740.870000,145.240000,614.900000,293.360000,611.790000
9C-CLOCK-BABY,9,CLOC,C,BABY,,0,146.880000,387.220000,0.370000,385.660000,-1.240000,259.700000,146.880000,256.590000
25C-CORNERS-CLIMBING,25,CORN,C,CLIMBING,,0,742.570000,130.180000,596.060000,128.620000,594.450000,2.660000,742.570000,-0.450000
25C-CORNERS-SLIDING,25,CORN,C,SLIDING,,0,596.210000,128.280000,449.700000,126.730000,448.090000,0.760000,596.210000,-2.350000
23C-CORNERS-CLIMBING,23,CORN,C,CLIMBING,,0,742.570000,130.180000,596.060000,128.620000,594.450000,2.660000,742.570000,-0.450000
22C-WIDE-LADDER,22,WIDE,C,LADDER,,0,545.990000,125.960000,399.480000,124.410000,397.870000,-1.560000,545.990000,-4.670000
12B-CLOCK-BALL-1,12,CLOC,B,BALL,1,0,796.790000,377.640000,650.280000,376.090000,648.670000,250.120000,796.790000,247.010000
11C-CLOCK-SWING,11,CLOC,C,SWING,,0,796.000000,511.640000,649.490000,510.090000,647.880000,384.120000,796.000000,381.010000
8C-WIDE-SWING,8,WIDE,C,SWING,,0,540.040000,528.270000,393.530000,526.720000,391.920000,400.750000,540.040000,397.640000
32C-WIDE-SLIDE,32,WIDE,C,SLIDE,,0,549.120000,739.530000,402.610000,737.980000,401.000000,612.010000,549.120000,608.900000
20C-CLOCK-BABY,20,CLOC,C,BABY,,0,149.240000,384.860000,2.730000,383.300000,1.120000,257.340000,149.240000,254.230000
25C-CORNERS-ME,25,CORN,C,ME,,0,297.220000,128.200000,150.710000,126.640000,149.100000,0.680000,297.220000,-2.430000
29C-WIDE-SAD,29,WIDE,C,SAD,,7,740.190000,327.670000,593.680000,326.110000,592.070000,200.150000,740.190000,197.040000
5C-CLOCK-LADDER,5,CLOC,C,LADDER,,0,798.560000,643.030000,652.050000,641.480000,650.440000,515.510000,798.560000,512.400000
19C-SOC-HOT,19,SOC,C,HOT,,0,592.060000,446.820000,445.550000,445.260000,443.940000,319.290000,592.060000,316.180000
16C-SOC-HAPPY,16,SOC,C,HAPPY,,0,592.060000,127.820000,445.550000,126.260000,443.940000,0.290000,592.060000,-2.820000
6C-CORNERS-BABY,6,CORN,C,BABY,,0,142.900000,270.300000,-3.610000,268.740000,-5.220000,142.780000,142.900000,139.670000
5C-CLOCK-SWINGING,5,CLOC,C,SWINGING,,0,407.080000,126.980000,260.570000,125.420000,258.960000,-0.550000,407.080000,-3.660000
18C-CLOCK-SWING-T,18,CLOC,D,SWING,T,0,798.330000,509.980000,651.820000,508.430000,650.210000,382.460000,798.330000,379.350000
27B-SOC-COLD-3,27,SOC,B,COLD,3,8,591.080000,601.980000,444.570000,600.430000,442.960000,474.460000,591.080000,471.350000
31B-WIDE-LADDER-3,31,WIDE,B,LADDER,3,0,545.590000,130.160000,399.080000,128.600000,397.470000,2.630000,545.590000,-0.480000
27C-SOC-BALL,27,SOC,C,BALL,,0,447.060000,129.820000,300.550000,128.260000,298.940000,2.290000,447.060000,-0.820000
4C-WIDE-BABY,4,WIDE,C,BABY,,0,145.200000,327.670000,-1.310000,326.110000,-2.920000,200.150000,145.200000,197.040000
11C-CLOCK-SLIDE,11,CLOC,C,SLIDE,,0,793.160000,252.990000,646.650000,251.430000,645.040000,125.470000,793.160000,122.360000
21C-SOC-HAPPY,21,SOC,C,HAPPY,,0,589.060000,128.820000,442.550000,127.260000,440.940000,1.290000,589.060000,-1.820000
31X-WIDE-ALL,31,WIDE,X,ALL,,58,1.140000,1.140000,738.330000,1.140000,738.330000,739.300000,1.140000,739.300000
6B-CORNERS-SAD-1,6,CORN,B,SAD,1,17,744.800000,596.650000,598.290000,595.090000,596.680000,469.130000,744.800000,466.020000
26C-WIDE-LADDER,26,WIDE,C,LADDER,,0,543.780000,128.560000,397.270000,127.000000,395.660000,1.040000,543.780000,-2.080000
27B-SOC-HOT-2,27,SOC,B,HOT,2,9,588.040000,440.650000,441.530000,439.090000,439.920000,313.130000,588.040000,310.020000
20C-CLOCK-LADDER,20,CLOC,C,LADDER,,0,795.760000,644.260000,649.250000,642.710000,647.640000,516.740000,795.760000,513.630000
25B-CORNERS-LADDER-1,25,CORN,B,LADDER,1,0,149.170000,599.780000,2.660000,598.220000,1.050000,472.260000,149.170000,469.150000
5B-CLOCK-GIRL-1,5,CLOC,B,GIRL,1,0,148.680000,528.430000,2.170000,526.870000,0.560000,400.910000,148.680000,397.790000
26C-WIDE-COLD,26,WIDE,C,COLD,,0,740.780000,741.400000,594.270000,739.840000,592.660000,613.870000,740.780000,610.760000
12C-CLOCK-SLIDING-T,12,CLOC,D,SLIDING,T,0,683.330000,125.980000,536.820000,124.430000,535.210000,-1.540000,683.330000,-4.650000
11C-CLOCK-BALL,11,CLOC,C,BALL,,0,796.160000,379.990000,649.650000,378.430000,648.040000,252.470000,796.160000,249.360000
23C-CORNERS-SLIDING,23,CORN,C,SLIDING,,0,592.800000,132.280000,446.290000,130.730000,444.680000,4.760000,592.800000,1.650000
29C-WIDE-BOY,29,WIDE,C,BOY,,0,145.310000,533.560000,-1.200000,532.000000,-2.810000,406.040000,145.310000,402.920000
22C-WIDE-SLIDING,22,WIDE,C,SLIDING,,0,346.080000,128.920000,199.570000,127.370000,197.960000,1.400000,346.080000,-1.710000
4C-WIDE-HAPPY,4,WIDE,C,HAPPY,,0,742.190000,131.240000,595.680000,129.680000,594.070000,3.710000,742.190000,0.600000
3A-CLOCK-SAD,3,CLOC,A,SAD,,30,254.180000,772.690000,107.670000,771.140000,106.060000,645.170000,254.180000,642.060000
30C-CORNERS-SWING,30,CORN,C,SWING,,5,146.100000,741.960000,-0.410000,740.410000,-2.020000,614.440000,146.100000,611.330000
13C-SOC-SLIDING,13,SOC,C,SLIDING,,0,297.060000,282.820000,150.550000,281.260000,148.940000,155.290000,297.060000,152.180000
4B-WIDE-SWING-2,4,WIDE,B,SWING,2,0,540.800000,530.650000,394.290000,529.090000,392.680000,403.130000,540.800000,400.020000
29X-WIDE-ALL,29,WIDE,X,ALL,,44,0.140000,1.140000,737.330000,1.140000,737.330000,739.300000,0.140000,739.300000
28C-CORNERS-LADDER,28,CORN,C,LADDER,,7,148.160000,602.510000,1.650000,600.950000,0.040000,474.990000,148.160000,471.880000
29B-WIDE-SWINGING-2,29,WIDE,B,SWINGING,2,0,348.840000,736.980000,202.330000,735.430000,200.720000,609.460000,348.840000,606.350000
2C-SOC-SWINGING-T,2,SOC,D,SWINGING,T,17,297.560000,439.320000,151.050000,437.760000,149.440000,311.790000,297.560000,308.680000
11B-CLOCK-BABY-2,11,CLOC,B,BABY,2,8,148.990000,384.230000,2.480000,382.670000,0.870000,256.710000,148.990000,253.600000
1C-WIDE-GIRL,1,WIDE,C,GIRL,,0,148.460000,131.640000,1.940000,130.090000,0.330000,4.120000,148.460000,1.010000
10C-CORNERS-GIRL,10,CORN,C,GIRL,,0,147.160000,130.510000,0.650000,128.950000,-0.960000,2.990000,147.160000,-0.120000
15C-CORNERS-COLD,15,CORN,C,COLD,,0,741.810000,741.070000,595.300000,739.510000,593.690000,613.550000,741.810000,610.440000
26C-WIDE-SLIDE-T,26,WIDE,D,SLIDE,T,0,545.320000,736.320000,398.810000,734.760000,397.200000,608.790000,545.320000,605.680000
15C-CORNERS-LADDER,15,CORN,C,LADDER,,0,142.430000,597.500000,-4.080000,595.950000,-5.690000,469.980000,142.430000,466.870000
9C-CLOCK-BALL,9,CLOC,C,BALL,,0,796.160000,379.990000,649.650000,378.430000,648.040000,252.470000,796.160000,249.360000
1C-WIDE-SLIDE,1,WIDE,C,SLIDE,,0,542.210000,738.400000,395.700000,736.840000,394.090000,610.870000,542.210000,607.760000
5C-CLOCK-CLIMBING,5,CLOC,C,CLIMBING,,0,260.000000,129.200000,113.490000,127.640000,111.880000,1.680000,260.000000,-1.430000
19C-SOC-GIRL,19,SOC,C,GIRL,,0,151.060000,605.820000,4.550000,604.260000,2.940000,478.290000,151.060000,475.180000
28C-CORNERS-BALL,28,CORN,C,BALL,,16,298.220000,600.200000,151.710000,598.640000,150.100000,472.680000,298.220000,469.570000
32B-WIDE-GIRL-3-T,32,WIDE,B,GIRL,3,10,147.400000,128.370000,0.890000,126.810000,-0.720000,0.850000,147.400000,-2.260000
9B-CLOCK-HOT-1,9,CLOC,B,HOT,1,16,689.850000,763.050000,543.340000,761.490000,541.730000,635.530000,689.850000,632.420000
21C-SOC-BABY,21,SOC,C,BABY,,0,148.060000,284.820000,1.550000,283.260000,-0.060000,157.290000,148.060000,154.180000
10C-CORNERS-HAPPY,10,CORN,C,HAPPY,,0,592.900000,738.300000,446.390000,736.740000,444.780000,610.780000,592.900000,607.670000
6C-CORNERS-GIRL,6,CORN,C,GIRL,,0,145.210000,132.030000,-1.300000,130.480000,-2.910000,4.510000,145.210000,1.400000
29C-WIDE-SWING,29,WIDE,C,SWING,,0,539.780000,529.560000,393.270000,528.000000,391.660000,402.040000,539.780000,398.920000
28C-CORNERS-SAD,28,CORN,C,SAD,,0,740.010000,594.380000,593.500000,592.830000,591.890000,466.860000,740.010000,463.750000
26B-WIDE-CLIMBING-1,26,WIDE,B,CLIMBING,1,10,340.050000,322.650000,193.540000,321.090000,191.930000,195.130000,340.050000,192.020000
25C-CORNERS-GIRL,25,CORN,C,GIRL,,0,147.160000,130.510000,0.650000,128.950000,-0.960000,2.990000,147.160000,-0.120000
14C-SOC-SLIDE,14,SOC,C,SLIDE,,0,443.060000,440.820000,296.550000,439.260000,294.940000,313.290000,443.060000,310.180000
2C-SOC-COLD,2,SOC,C,COLD,,0,594.060000,602.820000,447.550000,601.260000,445.940000,475.290000,594.060000,472.180000
22C-WIDE-THROWING,22,WIDE,C,THROWING,,0,340.410000,532.420000,193.900000,530.870000,192.290000,404.900000,340.410000,401.790000
12C-CLOCK-THROWING,12,CLOC,C,THROWING,,0,533.760000,129.260000,387.250000,127.710000,385.640000,1.740000,533.760000,-1.370000
18C-CLOCK-BALL,18,CLOC,C,BALL,,4,797.080000,378.980000,650.570000,377.420000,648.960000,251.450000,797.080000,248.340000
9X-CLOCK-ALL,9,CLOC,X,ALL,,63,1.140000,1.140000,794.330000,1.140000,794.330000,772.330000,1.140000,772.330000
27C-SOC-BOY,27,SOC,C,BOY,,0,147.060000,448.820000,0.550000,447.260000,-1.060000,321.290000,147.060000,318.180000
10C-CORNERS-SAD,10,CORN,C,SAD,,0,745.270000,596.780000,598.760000,595.220000,597.150000,469.260000,745.270000,466.150000
7C-CLOCK-GIRL,7,CLOC,C,GIRL,,0,146.720000,521.230000,0.210000,519.670000,-1.400000,393.710000,146.720000,390.600000
26C-WIDE-SAD,26,WIDE,C,SAD,,0,741.190000,330.670000,594.680000,329.110000,593.070000,203.150000,741.190000,200.040000
22C-WIDE-ME,22,WIDE,C,ME,,0,147.050000,741.800000,0.540000,740.250000,-1.070000,614.280000,147.050000,611.170000
22A-WIDE-SAD,22,WIDE,A,SAD,,35,740.320000,324.030000,593.810000,322.480000,592.200000,196.510000,740.320000,193.400000
5C-CLOCK-SAD,5,CLOC,C,SAD,,0,247.630000,781.340000,101.120000,779.790000,99.510000,653.820000,247.630000,650.710000
10B-CORNERS-LADDER-1,10,CORN,B,LADDER,1,26,149.170000,599.780000,2.660000,598.220000,1.050000,472.260000,149.170000,469.150000
32B-WIDE-BOY-1-T,32,WIDE,B,BOY,1,0,144.400000,529.060000,-2.110000,527.500000,-3.720000,401.540000,144.400000,398.430000
9C-CLOCK-ME,9,CLOC,C,ME,,0,145.060000,250.780000,-1.450000,249.230000,-3.060000,123.260000,145.060000,120.150000
21C-SOC-SLIDE-T,21,SOC,D,SLIDE,T,23,446.560000,445.320000,300.050000,443.760000,298.440000,317.790000,446.560000,314.680000
7C-CLOCK-HAPPY,7,CLOC,C,HAPPY,,0,401.190000,780.850000,254.680000,779.300000,253.070000,653.330000,401.190000,650.220000
25A-CORNERS-BALL,25,CORN,A,BALL,,27,297.980000,599.760000,151.470000,598.200000,149.860000,472.240000,297.980000,469.130000
22B-WIDE-HAPPY-1,22,WIDE,B,HAPPY,1,0,735.290000,132.560000,588.780000,131.010000,587.170000,5.040000,735.290000,1.930000
2B-SOC-SLIDE-1,2,SOC,B,SLIDE,1,25,446.040000,441.650000,299.530000,440.090000,297.920000,314.130000,446.040000,311.020000
24C-SOC-BABY,24,SOC,C,BABY,,0,148.060000,284.820000,1.550000,283.260000,-0.060000,157.290000,148.060000,154.180000
22C-WIDE-SLIDE,22,WIDE,C,SLIDE,,0,542.210000,738.400000,395.700000,736.840000,394.090000,610.870000,542.210000,607.760000
1B-WIDE-COLD-1,1,WIDE,B,COLD,1,0,736.350000,734.420000,589.840000,732.860000,588.230000,606.890000,736.350000,603.780000
30B-CORNERS-CLIMBING-2,30,CORN,B,CLIMBING,2,0,745.620000,130.790000,599.110000,129.230000,597.500000,3.270000,745.620000,0.160000
26X-WIDE-ALL,26,WIDE,X,ALL,,42,1.140000,1.140000,738.330000,1.140000,738.330000,739.300000,1.140000,739.300000
20C-CLOCK-BALL-T,20,CLOC,D,BALL,T,0,797.330000,384.980000,650.820000,383.430000,649.210000,257.460000,797.330000,254.350000
18C-CLOCK-BOY,18,CLOC,C,BOY,,0,147.750000,657.180000,1.240000,655.620000,-0.370000,529.660000,147.750000,526.550000
19C-SOC-SAD,19,SOC,C,SAD,,0,591.060000,281.820000,444.550000,280.260000,442.940000,154.290000,591.060000,151.180000
10C-CORNERS-THROWING,10,CORN,C,THROWING,,0,590.860000,273.230000,444.350000,271.670000,442.740000,145.700000,590.860000,142.590000
10B-CORNERS-BALL-2,10,CORN,B,BALL,2,0,295.520000,599.810000,149.010000,598.250000,147.400000,472.290000,295.520000,469.170000
27B-SOC-SAD-1,27,SOC,B,SAD,1,0,591.290000,283.650000,444.780000,282.090000,443.170000,156.130000,591.290000,153.020000
23B-CORNERS-GIRL-1-T,23,CORN,B,GIRL,1,0,145.710000,129.150000,-0.800000,127.590000,-2.410000,1.630000,145.710000,-1.480000
26C-WIDE-ME,26,WIDE,C,ME,,0,144.790000,738.400000,-1.720000,736.840000,-3.330000,610.870000,144.790000,607.760000
30C-CORNERS-COLD,30,CORN,C,COLD,,0,745.270000,739.450000,598.760000,737.900000,597.150000,611.930000,745.270000,608.820000
6B-CORNERS-HAPPY-1,6,CORN,B,HAPPY,1,11,596.840000,743.980000,450.330000,742.430000,448.720000,616.460000,596.840000,613.350000
17C-CORNERS-BALL,17,CORN,C,BALL,,0,298.220000,600.200000,151.710000,598.640000,150.100000,472.680000,298.220000,469.570000
3C-CLOCK-ME,3,CLOC,C,ME,,0,147.420000,247.250000,0.910000,245.690000,-0.700000,119.730000,147.420000,116.620000
2C-SOC-THROWING,2,SOC,C,THROWING,,0,300.060000,603.820000,153.550000,602.260000,151.940000,476.290000,300.060000,473.180000
3C-CLOCK-SWING,3,CLOC,C,SWING,,0,796.000000,511.640000,649.490000,510.090000,647.880000,384.120000,796.000000,381.010000
17X-CORNERS-ALL,17,CORN,X,ALL,,47,-4.480000,-5.890000,746.530000,-5.890000,746.530000,772.330000,-4.480000,772.330000
17C-CORNERS-SLIDING,17,CORN,C,SLIDING,,0,592.800000,132.280000,446.290000,130.730000,444.680000,4.760000,592.800000,1.650000
12C-CLOCK-GIRL,12,CLOC,C,GIRL,,0,146.720000,521.230000,0.210000,519.670000,-1.400000,393.710000,146.720000,390.600000
1C-WIDE-SWING,1,WIDE,C,SWING,,0,540.040000,528.270000,393.530000,526.720000,391.920000,400.750000,540.040000,397.640000
1A-WIDE-HOT,1,WIDE,A,HOT,,118,738.320000,530.030000,591.810000,528.480000,590.200000,402.510000,738.320000,399.400000
12C-CLOCK-SWINGING,12,CLOC,C,SWINGING,,11,400.080000,127.980000,253.570000,126.420000,251.960000,0.450000,400.080000,-2.660000
1C-WIDE-BOY,1,WIDE,C,BOY,,0,146.180000,536.960000,-0.330000,535.410000,-1.940000,409.440000,146.180000,406.330000
2C-SOC-HOT,2,SOC,C,HOT,,0,592.060000,446.820000,445.550000,445.260000,443.940000,319.290000,592.060000,316.180000
2B-SOC-LADDER-2,2,SOC,B,LADDER,2,0,443.080000,604.980000,296.570000,603.430000,294.960000,477.460000,443.080000,474.350000
11X-CLOCK-ALL,11,CLOC,X,ALL,,57,1.140000,1.140000,794.330000,1.140000,794.330000,772.330000,1.140000,772.330000
14C-SOC-GIRL,14,SOC,C,GIRL,,0,147.060000,607.820000,0.550000,606.260000,-1.060000,480.290000,147.060000,477.180000
12C-CLOCK-BOY,12,CLOC,C,BOY,,0,147.750000,657.180000,1.240000,655.620000,-0.370000,529.660000,147.750000,526.550000
17C-CORNERS-LADDER,17,CORN,C,LADDER,,0,148.160000,602.510000,1.650000,600.950000,0.040000,474.990000,148.160000,471.880000
22C-WIDE-GIRL,22,WIDE,C,GIRL,,0,148.460000,131.640000,1.940000,130.090000,0.330000,4.120000,148.460000,1.010000
27C-SOC-SLIDE,27,SOC,C,SLIDE,,0,447.060000,445.820000,300.550000,444.260000,298.940000,318.290000,447.060000,315.180000
16B-SOC-BABY-2,16,SOC,B,BABY,2,14,147.040000,285.650000,0.530000,284.090000,-1.080000,158.130000,147.040000,155.020000
29C-WIDE-BABY,29,WIDE,C,BABY,,0,145.200000,327.670000,-1.310000,326.110000,-2.920000,200.150000,145.200000,197.040000
16x-SOC-ALL,16,SOC,x,ALL,,60,1.140000,1.140000,588.910000,1.140000,588.910000,603.720000,1.140000,603.720000
17B-CORNERS-SAD-2,17,CORN,B,SAD,2,0,744.800000,596.650000,598.290000,595.090000,596.680000,469.130000,744.800000,466.020000
16A-SOC-GIRL,16,SOC,A,GIRL,,30,149.720000,604.860000,3.210000,603.300000,1.600000,477.340000,149.720000,474.230000
11C-CLOCK-CLIMBING,11,CLOC,C,CLIMBING,,0,260.000000,129.200000,113.490000,127.640000,111.880000,1.680000,260.000000,-1.430000
20C-CLOCK-HOT,20,CLOC,C,HOT,,0,694.810000,771.540000,548.300000,769.990000,546.690000,644.020000,694.810000,640.910000
16C-SOC-SWINGING,16,SOC,C,SWINGING,,0,300.560000,444.320000,154.050000,442.760000,152.440000,316.790000,300.560000,313.680000
30C-CORNERS-BOY,30,CORN,C,BOY,,11,297.220000,273.640000,150.710000,272.090000,149.100000,146.120000,297.220000,143.010000
21C-SOC-ME,21,SOC,C,ME,,0,149.060000,130.820000,2.550000,129.260000,0.940000,3.290000,149.060000,0.180000
25C-CORNERS-COLD,25,CORN,C,COLD,,0,745.270000,739.450000,598.760000,737.900000,597.150000,611.930000,745.270000,608.820000
9C-CLOCK-SWINGING,9,CLOC,C,SWINGING,,0,408.520000,126.980000,262.010000,125.420000,260.400000,-0.550000,408.520000,-3.660000
22B-WIDE-COLD-2,22,WIDE,B,COLD,2,0,736.350000,734.420000,589.840000,732.860000,588.230000,606.890000,736.350000,603.780000
26C-WIDE-BOY,26,WIDE,C,BOY,,0,143.930000,533.560000,-2.580000,532.000000,-4.190000,406.040000,143.930000,402.920000
3C-CLOCK-BALL,3,CLOC,C,BALL,,12,796.160000,379.990000,649.650000,378.430000,648.040000,252.470000,796.160000,249.360000
30C-CORNERS-LADDER,30,CORN,C,LADDER,,0,145.480000,593.360000,-1.030000,591.800000,-2.640000,465.830000,145.480000,462.720000
17B-CORNERS-HOT-1,17,CORN,B,HOT,1,0,595.050000,598.650000,448.540000,597.090000,446.930000,471.130000,595.050000,468.020000
18C-CLOCK-COLD,18,CLOC,C,COLD,,0,549.580000,773.380000,403.070000,771.830000,401.460000,645.860000,549.580000,642.750000
16C-SOC-SLIDE,16,SOC,C,SLIDE,,0,447.060000,445.820000,300.550000,444.260000,298.940000,318.290000,447.060000,315.180000
27C-SOC-LADDER,27,SOC,C,LADDER,,0,449.060000,605.820000,302.550000,604.260000,300.940000,478.290000,449.060000,475.180000
30A-CORNERS-THROWING,30,CORN,A,THROWING,,13,594.900000,277.760000,448.390000,276.200000,446.780000,150.240000,594.900000,147.130000
14C-SOC-SLIDING,14,SOC,C,SLIDING,,0,297.060000,282.820000,150.550000,281.260000,148.940000,155.290000,297.060000,152.180000
32C-WIDE-SLIDING,32,WIDE,C,SLIDING,,0,342.680000,129.370000,196.170000,127.820000,194.560000,1.850000,342.680000,-1.260000
21C-SOC-SAD,21,SOC,C,SAD,,0,587.060000,282.820000,440.550000,281.260000,438.940000,155.290000,587.060000,152.180000
3C-CLOCK-SLIDING,3,CLOC,C,SLIDING,,0,702.760000,123.910000,556.250000,122.350000,554.640000,-3.620000,702.760000,-6.730000
24B-SOC-SWING-2,24,SOC,B,SWING,2,1,446.080000,281.980000,299.570000,280.430000,297.960000,154.460000,446.080000,151.350000
28C-CORNERS-HAPPY,28,CORN,C,HAPPY,,0,590.770000,745.130000,444.260000,743.570000,442.650000,617.600000,590.770000,614.490000
16C-SOC-SWING,16,SOC,C,SWING,,0,446.060000,286.820000,299.550000,285.260000,297.940000,159.290000,446.060000,156.180000
13B-SOC-ME-1,13,SOC,B,ME,1,0,150.290000,128.650000,3.780000,127.090000,2.170000,1.130000,150.290000,-1.980000
12C-CLOCK-HOT,12,CLOC,C,HOT,,0,694.810000,771.540000,548.300000,769.990000,546.690000,644.020000,694.810000,640.910000
28C-CORNERS-SWINGING,28,CORN,C,SWINGING,,0,739.370000,274.400000,592.860000,272.850000,591.250000,146.880000,739.370000,143.770000
15X-CORNERS-ALL,15,CORN,X,ALL,,63,-4.480000,-5.890000,746.530000,-5.890000,746.530000,772.330000,-4.480000,772.330000
13C-SOC-LADDER,13,SOC,C,LADDER,,0,449.060000,605.820000,302.550000,604.260000,300.940000,478.290000,449.060000,475.180000
14B-SOC-SAD-1,14,SOC,B,SAD,1,0,588.040000,284.650000,441.530000,283.090000,439.920000,157.130000,588.040000,154.020000
1B-WIDE-SAD-1,1,WIDE,B,SAD,1,0,736.640000,325.010000,590.130000,323.450000,588.520000,197.490000,736.640000,194.380000
14C-SOC-BABY,14,SOC,C,BABY,,0,144.060000,283.820000,-2.450000,282.260000,-4.060000,156.290000,144.060000,153.180000
21B-SOC-THROWING-2,21,SOC,B,THROWING,2,13,300.080000,605.980000,153.570000,604.430000,151.960000,478.460000,300.080000,475.350000
21B-SOC-SWINGING-1,21,SOC,B,SWINGING,1,23,297.040000,442.650000,150.530000,441.090000,148.920000,315.130000,297.040000,312.020000
28B-CORNERS-BOY-2,28,CORN,B,BOY,2,0,294.410000,269.560000,147.900000,268.000000,146.290000,142.040000,294.410000,138.920000
12C-CLOCK-COLD,12,CLOC,C,COLD,,0,549.580000,773.380000,403.070000,771.830000,401.460000,645.860000,549.580000,642.750000
5B-CLOCK-BOY-2,5,CLOC,B,BOY,2,16,148.990000,662.480000,2.480000,660.920000,0.870000,534.950000,148.990000,531.840000
9C-CLOCK-LADDER,9,CLOC,C,LADDER,,11,798.560000,643.030000,652.050000,641.480000,650.440000,515.510000,798.560000,512.400000
6A-CORNERS-COLD,6,CORN,A,COLD,,44,743.480000,742.860000,596.970000,741.300000,595.360000,615.340000,743.480000,612.230000
23C-CORNERS-SWING,23,CORN,C,SWING,,0,149.310000,747.950000,2.800000,746.400000,1.190000,620.430000,149.310000,617.320000
2X-SOC-ALL,2,SOC,X,ALL,,93,-61.510000,-3.420000,675.680000,-3.420000,675.680000,734.740000,-61.510000,734.740000
16C-SOC-BALL,16,SOC,C,BALL,,0,447.060000,129.820000,300.550000,128.260000,298.940000,2.290000,447.060000,-0.820000
2B-SOC-BALL-1,2,SOC,B,BALL,1,7,443.290000,127.650000,296.780000,126.090000,295.170000,0.130000,443.290000,-2.980000
15C-CORNERS-SWING-T,15,CORN,D,SWING,T,0,147.190000,748.330000,0.680000,746.780000,-0.930000,620.810000,147.190000,617.700000
32C-WIDE-SAD,32,WIDE,C,SAD,,0,734.670000,328.800000,588.150000,327.250000,586.540000,201.280000,734.670000,198.170000
3X-CLOCK-ALL,3,CLOC,X,ALL,,64,1.140000,1.140000,794.330000,1.140000,794.330000,772.330000,1.140000,772.330000
25C-CORNERS-HOT,25,CORN,C,HOT,,0,595.210000,595.630000,448.700000,594.070000,447.090000,468.100000,595.210000,464.990000
9B-CLOCK-HAPPY-1,9,CLOC,B,HAPPY,1,0,398.950000,768.590000,252.440000,767.030000,250.830000,641.070000,398.950000,637.960000
19C-SOC-BALL,19,SOC,C,BALL,,0,446.060000,128.820000,299.550000,127.260000,297.940000,1.290000,446.060000,-1.820000
32C-WIDE-BALL,32,WIDE,C,BALL,,0,549.530000,328.800000,403.020000,327.250000,401.410000,201.280000,549.530000,198.170000
16C-SOC-THROWING,16,SOC,C,THROWING,,0,300.060000,603.820000,153.550000,602.260000,151.940000,476.290000,300.060000,473.180000
2A-SOC-SWING,2,SOC,A,SWING,,0,444.720000,284.860000,298.210000,283.300000,296.600000,157.340000,444.720000,154.230000
3C-CLOCK-LADDER,3,CLOC,C,LADDER,,0,798.560000,643.030000,652.050000,641.480000,650.440000,515.510000,798.560000,512.400000
14B-SOC-COLD-1,14,SOC,B,COLD,1,15,585.080000,606.980000,438.570000,605.430000,436.960000,479.460000,585.080000,476.350000
3C-CLOCK-CLIMBING,3,CLOC,C,CLIMBING,,0,260.000000,129.200000,113.490000,127.640000,111.880000,1.680000,260.000000,-1.430000
10X-CORNERS-ALL,10,CORN,X,ALL,,93,-4.480000,-5.890000,746.530000,-5.890000,746.530000,772.330000,-4.480000,772.330000
3C-CLOCK-GIRL,3,CLOC,C,GIRL,,0,146.720000,521.230000,0.210000,519.670000,-1.400000,393.710000,146.720000,390.600000
14C-SOC-SWING,14,SOC,C,SWING,,0,446.060000,286.820000,299.550000,285.260000,297.940000,159.290000,446.060000,156.180000
13A-SOC-BABY,13,SOC,A,BABY,,24,146.720000,284.860000,0.210000,283.300000,-1.400000,157.340000,146.720000,154.230000
13C-SOC-COLD,13,SOC,C,COLD,,0,594.060000,602.820000,447.550000,601.260000,445.940000,475.290000,594.060000,472.180000
18C-CLOCK-SLIDE,18,CLOC,C,SLIDE,,5,796.000000,248.200000,649.490000,246.640000,647.880000,120.680000,796.000000,117.570000
6X-CORNERS-ALL,6,CORN,X,ALL,,81,-4.480000,-5.890000,746.530000,-5.890000,746.530000,772.330000,-4.480000,772.330000
30B-CORNERS-SWINGING-1,30,CORN,B,SWINGING,1,27,743.130000,275.420000,596.620000,273.870000,595.010000,147.900000,743.130000,144.790000
4C-WIDE-THROWING,4,WIDE,C,THROWING,,8,351.780000,533.560000,205.270000,532.000000,203.660000,406.040000,351.780000,402.920000
6B-CORNERS-HOT-2,6,CORN,B,HOT,2,8,595.050000,598.650000,448.540000,597.090000,446.930000,471.130000,595.050000,468.020000
21C-SOC-LADDER,21,SOC,C,LADDER,,0,447.060000,602.820000,300.550000,601.260000,298.940000,475.290000,447.060000,472.180000
4B-WIDE-SLIDE-3,4,WIDE,B,SLIDE,3,0,544.840000,736.980000,398.330000,735.430000,396.720000,609.460000,544.840000,606.350000
18C-CLOCK-LADDER,18,CLOC,C,LADDER,,0,795.760000,639.260000,649.250000,637.710000,647.640000,511.740000,795.760000,508.630000
8B-WIDE-BABY-1,8,WIDE,B,BABY,1,25,146.640000,320.010000,0.130000,318.450000,-1.480000,192.490000,146.640000,189.380000
30C-CORNERS-SLIDE,30,CORN,C,SLIDE,,25,296.930000,738.150000,150.420000,736.590000,148.810000,610.630000,296.930000,607.520000
31C-WIDE-HOT,31,WIDE,C,HOT,,0,739.920000,536.560000,593.410000,535.000000,591.800000,409.040000,739.920000,405.920000
6C-CORNERS-SWINGING,6,CORN,C,SWINGING,,0,739.370000,274.400000,592.860000,272.850000,591.250000,146.880000,739.370000,143.770000
31C-WIDE-BABY,31,WIDE,C,BABY,,0,145.200000,327.670000,-1.310000,326.110000,-2.920000,200.150000,145.200000,197.040000
12B-CLOCK-LADDER-3,12,CLOC,B,LADDER,3,0,795.960000,640.430000,649.450000,638.880000,647.840000,512.910000,795.960000,509.800000
11C-CLOCK-SAD,11,CLOC,C,SAD,,0,247.630000,781.340000,101.120000,779.790000,99.510000,653.820000,247.630000,650.710000
24B-SOC-BALL-3,24,SOC,B,BALL,3,0,443.290000,128.650000,296.780000,127.090000,295.170000,1.130000,443.290000,-1.980000
6C-CORNERS-SLIDING,6,CORN,C,SLIDING,,0,592.800000,132.280000,446.290000,130.730000,444.680000,4.760000,592.800000,1.650000
6C-CORNERS-SLIDE,6,CORN,C,SLIDE,,0,298.220000,745.640000,151.710000,744.090000,150.100000,618.120000,298.220000,615.010000
7B-CLOCK-LADDER-2,7,CLOC,B,LADDER,2,0,795.960000,639.000000,649.450000,637.440000,647.840000,511.480000,795.960000,508.360000
13C-SOC-HAPPY,13,SOC,C,HAPPY,,0,592.060000,127.820000,445.550000,126.260000,443.940000,0.290000,592.060000,-2.820000
30C-CORNERS-BALL-T,30,CORN,D,BALL,T,0,291.600000,591.210000,145.090000,589.650000,143.480000,463.690000,291.600000,460.580000
17C-CORNERS-SLIDE,17,CORN,C,SLIDE,,0,298.220000,745.640000,151.710000,744.090000,150.100000,618.120000,298.220000,615.010000
18B-CLOCK-THROWING-1,18,CLOC,B,THROWING,1,6,547.270000,128.200000,400.760000,126.650000,399.150000,0.680000,547.270000,-2.430000
32C-WIDE-THROWING,32,WIDE,C,THROWING,,0,340.410000,534.690000,193.900000,533.140000,192.290000,407.170000,340.410000,404.060000
24C-SOC-COLD,24,SOC,C,COLD,,0,594.060000,602.820000,447.550000,601.260000,445.940000,475.290000,594.060000,472.180000
4X-WIDE-ALL,4,WIDE,X,ALL,,57,1.140000,1.140000,738.330000,1.140000,738.330000,739.300000,1.140000,739.300000
24B-SOC-SLIDE-1,24,SOC,B,SLIDE,1,25,446.040000,441.650000,299.530000,440.090000,297.920000,314.130000,446.040000,311.020000
7C-CLOCK-THROWING-T,7,CLOC,D,THROWING,T,0,553.330000,128.980000,406.820000,127.430000,405.210000,1.460000,553.330000,-1.650000
7C-CLOCK-COLD,7,CLOC,C,COLD,,0,549.580000,773.380000,403.070000,771.830000,401.460000,645.860000,549.580000,642.750000
